date,CNVIX
2015-02-09,27.5442
2015-02-10,28.0109
2015-02-11,25.4091
2015-02-12,24.1495
2015-02-13,21.2380
2015-02-16,21.4717
2015-02-17,22.0301
2015-02-25,23.2340
2015-02-26,22.1365
2015-02-27,23.9413
2015-03-02,24.8619
2015-03-03,25.1126
2015-03-04,24.3710
2015-03-05,23.5193
2015-03-06,23.2460
2015-03-09,23.8964
2015-03-10,23.0593
2015-03-11,22.6118
2015-03-12,22.0291
2015-03-13,21.9167
2015-03-16,21.6187
2015-03-17,22.0317
2015-03-18,21.8277
2015-03-19,24.2363
2015-03-20,23.4158
2015-03-23,25.5239
2015-03-24,27.7213
2015-03-25,27.3364
2015-03-26,26.2656
2015-03-27,26.5180
2015-03-30,24.5309
2015-03-31,27.1964
2015-04-01,27.2300
2015-04-02,28.7453
2015-04-03,27.9886
2015-04-07,25.9814
2015-04-08,28.7496
2015-04-09,32.0340
2015-04-10,30.1471
2015-04-13,32.5414
2015-04-14,34.8860
2015-04-15,34.8763
2015-04-16,32.4509
2015-04-17,35.7699
2015-04-20,42.0319
2015-04-21,41.1218
2015-04-22,38.4807
2015-04-23,39.8581
2015-04-24,40.6075
2015-04-27,39.2501
2015-04-28,41.2518
2015-04-29,41.1892
2015-04-30,41.0877
2015-05-04,40.7784
2015-05-05,39.8355
2015-05-06,39.3590
2015-05-07,40.4600
2015-05-08,39.6829
2015-05-11,40.0895
2015-05-12,40.2604
2015-05-13,39.4431
2015-05-14,38.6445
2015-05-15,35.3472
2015-05-18,32.6517
2015-05-19,32.5614
2015-05-20,35.1912
2015-05-21,36.7410
2015-05-22,37.7032
2015-05-25,40.0582
2015-05-26,40.7341
2015-05-27,42.3917
2015-05-28,40.6071
2015-05-29,41.1364
2015-06-01,41.3679
2015-06-02,42.1426
2015-06-03,42.4334
2015-06-04,41.0171
2015-06-05,41.0062
2015-06-08,37.5957
2015-06-09,42.2413
2015-06-10,42.6092
2015-06-11,43.9912
2015-06-12,43.9771
2015-06-15,42.2597
2015-06-16,41.2843
2015-06-17,41.2333
2015-06-18,39.7747
2015-06-19,40.4965
2015-06-23,46.2671
2015-06-24,46.7372
2015-06-25,42.4068
2015-06-29,55.9055
2015-06-30,55.2212
2015-07-01,52.1053
2015-07-02,53.5685
2015-07-03,51.0550
2015-07-06,55.7354
2015-07-07,50.5470
2015-07-09,51.0027
2015-07-10,49.7832
2015-07-13,48.8109
2015-07-14,45.3265
2015-07-15,41.5077
2015-07-16,37.9545
2015-07-17,36.0299
2015-07-20,35.5303
2015-07-21,35.6297
2015-07-22,31.9931
2015-07-23,28.4035
2015-07-24,28.6999
2015-07-28,35.4290
2015-07-29,37.7771
2015-07-31,36.3270
2015-08-03,36.7215
2015-08-04,36.6057
2015-08-05,36.6247
2015-08-06,37.9240
2015-08-07,37.2923
2015-08-10,37.2245
2015-08-11,36.8978
2015-08-12,36.5617
2015-08-13,36.2748
2015-08-14,36.2550
2015-08-17,36.4253
2015-08-18,33.5555
2015-08-19,34.0897
2015-08-20,33.6537
2015-08-26,59.4637
2015-08-27,57.2625
2015-08-28,57.5842
2015-08-31,58.6685
2015-09-01,59.1913
2015-09-02,56.4798
2015-09-07,55.1569
2015-09-08,44.4022
2015-09-09,42.1867
2015-09-10,38.3606
2015-09-11,37.3516
2015-09-14,38.8502
2015-09-15,40.9637
2015-09-16,37.4977
2015-09-17,37.6289
2015-09-18,36.8742
2015-09-21,36.4950
2015-09-22,33.7298
2015-09-23,35.2497
2015-09-24,37.0481
2015-09-25,33.3151
2015-09-28,28.6399
2015-09-29,27.7375
2015-09-30,27.4619
2015-10-08,28.2384
2015-10-09,26.6828
2015-10-12,26.0287
2015-10-13,28.5826
2015-10-14,28.2436
2015-10-15,26.1581
2015-10-16,25.8856
2015-10-19,26.8807
2015-10-20,27.5311
2015-10-21,29.0858
2015-10-22,28.3067
2015-10-23,27.3570
2015-10-26,28.9616
2015-10-27,27.1627
2015-10-28,28.0248
2015-10-29,28.1828
2015-10-30,25.4516
2015-11-02,26.4301
2015-11-03,26.5571
2015-11-04,26.3210
2015-11-05,28.8502
2015-11-06,29.2033
2015-11-09,38.5065
2015-11-10,39.7601
2015-11-11,36.4240
2015-11-12,35.3990
2015-11-13,34.5669
2015-11-16,35.2315
2015-11-17,34.8414
2015-11-18,33.8487
2015-11-19,32.8439
2015-11-20,30.9339
2015-11-23,30.1551
2015-11-24,28.8189
2015-11-25,29.3656
2015-11-26,27.1301
2015-11-30,31.5551
2015-12-01,30.8136
2015-12-02,29.2914
2015-12-03,29.6069
2015-12-04,29.3608
2015-12-07,28.3642
2015-12-08,28.1610
2015-12-09,27.8737
2015-12-10,27.6275
2015-12-11,27.5084
2015-12-14,27.6475
2015-12-15,26.9635
2015-12-16,26.8104
2015-12-17,25.8843
2015-12-18,23.3255
2015-12-21,23.5130
2015-12-22,24.7976
2015-12-23,25.0784
2015-12-24,25.9273
2015-12-25,24.4189
2015-12-29,24.1782
2015-12-30,24.3883
2015-12-31,24.9123
2016-01-05,28.7662
2016-01-06,28.0906
2016-01-08,31.6248
2016-01-12,31.9935
2016-01-13,30.8162
2016-01-14,33.8711
2016-01-15,31.1992
2016-01-18,33.3224
2016-01-19,33.4027
2016-01-20,32.7690
2016-01-21,30.7803
2016-01-22,30.9573
2016-01-25,30.8013
2016-01-27,34.3892
2016-01-28,33.2962
2016-01-29,34.5294
2016-02-01,32.1517
2016-02-02,31.1105
2016-02-03,30.7702
2016-02-04,30.6522
2016-02-05,31.3968
2016-02-15,33.3941
2016-02-16,32.8004
2016-02-17,31.8502
2016-02-18,30.1567
2016-02-19,28.6450
2016-02-22,27.8251
2016-02-23,28.8785
2016-02-24,29.2138
2016-02-26,28.9270
2016-02-29,28.7938
2016-03-01,27.9118
2016-03-02,29.1221
2016-03-03,29.6166
2016-03-04,29.4630
2016-03-07,30.4102
2016-03-08,29.9827
2016-03-09,29.9162
2016-03-10,29.9946
2016-03-11,29.9972
2016-03-14,29.5293
2016-03-15,29.0765
2016-03-16,28.4096
2016-03-17,27.8202
2016-03-18,28.0192
2016-03-21,28.2477
2016-03-22,29.7946
2016-03-23,30.5790
2016-03-24,31.5851
2016-03-25,28.8306
2016-03-28,27.8470
2016-03-29,27.8598
2016-03-30,27.1776
2016-03-31,27.5375
2016-04-01,27.0420
2016-04-05,26.5418
2016-04-06,26.4837
2016-04-07,25.2592
2016-04-08,24.1945
2016-04-11,23.8957
2016-04-12,23.1908
2016-04-13,23.0045
2016-04-14,22.5220
2016-04-15,22.4777
2016-04-18,22.7168
2016-04-19,22.0348
2016-04-20,22.2102
2016-04-21,21.6382
2016-04-22,21.1427
2016-04-25,21.6981
2016-04-26,21.9666
2016-04-27,21.9445
2016-04-28,20.9400
2016-04-29,20.1945
2016-05-03,20.1506
2016-05-04,19.6619
2016-05-05,19.3978
2016-05-06,20.0324
2016-05-09,22.7460
2016-05-10,21.5983
2016-05-11,20.2267
2016-05-12,20.2571
2016-05-13,19.6340
2016-05-16,19.4158
2016-05-17,18.9789
2016-05-18,19.0110
2016-05-19,18.2926
2016-05-20,17.4830
2016-05-23,16.8116
2016-05-24,16.5684
2016-05-25,17.2226
2016-05-26,15.9211
2016-05-27,15.3572
2016-05-30,15.6551
2016-05-31,18.1179
2016-06-01,17.9646
2016-06-02,17.6781
2016-06-03,17.7981
2016-06-06,17.9071
2016-06-07,17.7125
2016-06-08,17.9960
2016-06-13,19.2644
2016-06-14,18.7399
2016-06-15,16.6856
2016-06-16,16.3035
2016-06-17,15.7423
2016-06-20,16.5069
2016-06-21,16.3346
2016-06-22,16.8699
2016-06-23,17.8129
2016-06-24,18.0104
2016-06-27,17.2593
2016-06-28,16.4201
2016-06-29,15.8671
2016-06-30,15.4660
2016-07-01,15.1549
2016-07-04,15.1276
2016-07-05,15.6184
2016-07-06,15.6147
2016-07-07,16.2433
2016-07-08,16.1755
2016-07-11,15.9718
2016-07-12,15.6407
2016-07-13,16.7473
2016-07-14,16.5199
2016-07-15,16.6072
2016-07-18,17.2829
2016-07-19,17.2813
2016-07-20,17.1985
2016-07-21,17.2133
2016-07-22,17.0095
2016-07-25,16.8197
2016-07-26,16.2413
2016-07-27,16.9585
2016-07-28,15.8472
2016-07-29,15.7727
2016-08-01,15.8584
2016-08-02,15.3686
2016-08-03,14.9428
2016-08-04,14.5747
2016-08-05,14.3516
2016-08-08,14.2544
2016-08-09,13.8065
2016-08-10,13.8895
2016-08-11,13.9654
2016-08-12,14.0183
2016-08-15,16.2047
2016-08-16,16.4241
2016-08-17,16.5921
2016-08-18,16.7076
2016-08-19,16.8300
2016-08-22,17.2099
2016-08-23,16.7765
2016-08-24,16.8289
2016-08-25,17.8249
2016-08-26,17.3111
2016-08-29,17.3208
2016-08-30,17.2804
2016-08-31,17.5636
2016-09-01,17.5415
2016-09-02,17.5361
2016-09-05,17.3778
2016-09-06,17.1869
2016-09-07,17.1768
2016-09-08,16.7270
2016-09-09,15.6787
2016-09-12,15.9242
2016-09-13,14.7487
2016-09-14,14.7399
2016-09-19,14.5636
2016-09-20,14.1659
2016-09-21,14.4692
2016-09-22,13.4839
2016-09-23,13.0894
2016-09-26,13.2827
2016-09-27,13.3895
2016-09-28,13.3340
2016-09-29,12.3443
2016-09-30,13.4243
2016-10-10,13.9263
2016-10-11,13.2670
2016-10-12,13.2454
2016-10-13,12.9739
2016-10-14,12.3685
2016-10-17,12.1969
2016-10-18,12.2997
2016-10-19,12.7577
2016-10-20,12.4033
2016-10-21,12.3414
2016-10-24,13.0465
2016-10-25,13.2827
2016-10-26,13.4713
2016-10-27,13.2168
2016-10-28,13.3303
2016-10-31,13.4001
2016-11-01,13.6022
2016-11-02,13.9943
2016-11-03,14.8563
2016-11-04,14.9575
2016-11-07,16.1039
2016-11-08,15.7786
2016-11-09,15.3947
2016-11-10,13.9719
2016-11-11,13.6645
2016-11-14,14.2852
2016-11-15,14.2289
2016-11-16,13.9460
2016-11-17,13.5678
2016-11-18,13.3824
2016-11-21,13.0965
2016-11-22,13.6922
2016-11-23,13.9132
2016-11-24,13.9236
2016-11-25,13.6694
2016-11-28,15.5124
2016-11-29,14.8837
2016-11-30,15.8910
2016-12-01,15.0828
2016-12-02,15.7822
2016-12-05,15.7757
2016-12-06,14.9828
2016-12-07,14.3380
2016-12-08,13.1752
2016-12-09,14.1058
2016-12-12,14.4063
2016-12-13,14.5142
2016-12-14,14.9702
2016-12-15,15.6591
2016-12-16,16.2549
2016-12-19,16.5218
2016-12-20,17.5599
2016-12-21,16.8792
2016-12-22,17.1434
2016-12-23,16.8121
2016-12-26,17.1346
2016-12-27,17.8007
2016-12-28,17.5815
2016-12-29,16.9799
2016-12-30,16.8043
2017-01-03,15.6205
2017-01-04,14.3135
2017-01-05,14.3354
2017-01-06,14.1614
2017-01-09,13.7382
2017-01-10,13.5206
2017-01-11,13.5260
2017-01-12,13.4286
2017-01-13,13.0228
2017-01-16,12.9619
2017-01-17,11.9472
2017-01-18,11.6542
2017-01-19,11.6630
2017-01-20,11.5009
2017-01-23,11.5135
2017-01-24,11.2583
2017-01-25,11.1258
2017-01-26,11.0406
2017-02-03,12.2535
2017-02-06,12.3606
2017-02-07,11.3320
2017-02-08,12.5837
2017-02-09,12.3997
2017-02-10,12.0988
2017-02-13,11.6057
2017-02-14,10.9568
2017-02-15,10.7051
2017-02-16,10.7163
2017-02-17,11.3785
2017-02-20,11.0884
2017-02-21,11.3448
2017-02-22,10.7641
2017-02-23,10.1461
2017-02-24,10.3289
2017-02-27,11.6241
2017-02-28,11.5397
2017-03-01,11.3093
2017-03-02,11.8652
2017-03-03,10.4231
2017-03-06,11.6124
2017-03-07,11.4465
2017-03-08,10.6109
2017-03-09,9.7983
2017-03-10,9.6235
2017-03-13,10.4459
2017-03-14,10.5815
2017-03-15,11.2348
2017-03-16,10.0463
2017-03-17,9.3388
2017-03-20,10.1057
2017-03-21,10.0061
2017-03-22,9.7065
2017-03-23,9.4085
2017-03-24,9.4456
2017-03-27,10.1460
2017-03-28,10.2209
2017-03-29,9.9223
2017-03-30,9.7846
2017-03-31,9.5139
2017-04-05,9.9285
2017-04-06,9.9521
2017-04-07,9.9171
2017-04-10,9.9681
2017-04-11,9.8377
2017-04-12,9.8523
2017-04-13,9.8794
2017-04-14,10.2730
2017-04-17,10.1137
2017-04-18,10.1178
2017-04-19,10.4204
2017-04-20,10.1134
2017-04-21,9.6392
2017-04-24,9.9634
2017-04-25,9.5372
2017-04-26,9.2068
2017-04-27,8.9146
2017-04-28,8.9258
2017-05-02,8.8293
2017-05-03,8.7868
2017-05-04,8.7891
2017-05-05,9.1046
2017-05-08,8.9932
2017-05-09,8.5765
2017-05-10,8.0039
2017-05-11,7.7614
2017-05-12,8.5245
2017-05-15,8.5636
2017-05-16,8.2729
2017-05-17,8.3817
2017-05-18,8.5415
2017-05-19,8.6244
2017-05-22,8.2317
2017-05-23,7.7468
2017-05-24,7.7507
2017-05-25,12.3679
2017-05-26,10.4176
2017-05-31,11.4724
2017-06-01,11.2116
2017-06-02,12.0902
2017-06-05,11.0290
2017-06-06,12.0655
2017-06-07,12.9579
2017-06-08,13.8248
2017-06-09,14.4711
2017-06-12,15.0495
2017-06-13,14.6696
2017-06-14,13.8082
2017-06-15,13.4146
2017-06-16,12.9280
2017-06-19,13.5217
2017-06-20,13.5482
2017-06-21,13.0944
2017-06-22,13.3162
2017-06-23,13.5389
2017-06-26,15.1673
2017-06-27,14.6812
2017-06-28,14.9565
2017-06-29,14.3576
2017-06-30,14.2750
2017-07-03,13.7917
2017-07-04,12.9962
2017-07-05,14.0642
2017-07-06,13.6820
2017-07-07,13.7085
2017-07-10,13.7161
2017-07-11,13.5576
2017-07-12,14.5856
2017-07-13,14.5813
2017-07-14,15.5194
2017-07-17,17.1182
2017-07-18,16.6447
2017-07-19,15.7853
2017-07-20,16.9369
2017-07-21,15.8808
2017-07-24,15.4598
2017-07-25,15.1484
2017-07-26,15.6905
2017-07-27,15.6439
2017-07-28,15.3570
2017-07-31,15.5418
2017-08-01,14.8673
2017-08-02,14.6370
2017-08-03,15.0361
2017-08-04,14.7141
2017-08-07,15.1349
2017-08-08,14.7807
2017-08-09,14.0299
2017-08-10,13.4847
2017-08-11,14.3850
2017-08-14,14.0434
2017-08-15,13.7846
2017-08-16,13.7041
2017-08-17,13.4918
2017-08-18,13.2202
2017-08-21,12.9619
2017-08-22,12.3632
2017-08-23,12.9218
2017-08-24,13.0655
2017-08-25,14.2550
2017-08-28,14.2000
2017-08-29,14.7960
2017-08-30,14.4991
2017-08-31,14.4282
2017-09-01,14.3473
2017-09-04,14.8361
2017-09-05,14.8231
2017-09-06,15.0562
2017-09-07,14.5060
2017-09-08,14.2585
2017-09-11,14.9134
2017-09-12,14.9744
2017-09-13,15.0870
2017-09-14,13.8535
2017-09-15,13.4032
2017-09-18,13.4986
2017-09-19,12.7535
2017-09-20,12.6163
2017-09-21,12.5957
2017-09-22,12.4167
2017-09-25,12.6362
2017-09-26,12.4688
2017-09-27,11.9655
2017-09-28,10.3642
2017-09-29,10.7895
2017-10-09,11.4360
2017-10-10,11.4682
2017-10-11,10.8871
2017-10-12,10.5053
2017-10-13,10.4899
2017-10-16,10.3930
2017-10-17,10.4831
2017-10-18,10.1093
2017-10-19,10.2867
2017-10-20,10.3043
2017-10-23,10.1720
2017-10-24,11.3461
2017-10-25,11.0826
2017-10-26,10.9571
2017-10-27,10.5109
2017-10-30,11.3987
2017-10-31,10.7557
2017-11-01,10.4453
2017-11-02,10.3946
2017-11-03,10.2256
2017-11-06,10.5122
2017-11-07,10.2544
2017-11-08,10.5852
2017-11-09,10.6915
2017-11-10,11.2556
2017-11-13,11.3574
2017-11-14,11.6859
2017-11-15,11.8139
2017-11-16,11.3816
2017-11-17,11.7372
2017-11-20,13.4686
2017-11-21,13.2413
2017-11-22,13.8110
2017-11-23,15.7872
2017-11-24,16.1897
2017-11-27,17.0574
2017-11-28,17.1489
2017-11-29,17.6356
2017-11-30,18.4949
2017-12-01,19.5285
2017-12-04,17.3953
2017-12-05,16.4871
2017-12-06,16.8974
2017-12-07,15.9640
2017-12-08,15.5227
2017-12-11,15.5365
2017-12-12,15.6651
2017-12-13,15.1671
2017-12-14,15.3013
2017-12-15,14.9542
2017-12-18,15.6341
2017-12-19,15.0487
2017-12-20,15.0652
2017-12-21,15.2677
2017-12-22,15.5326
2017-12-25,15.1483
2017-12-26,15.7781
2017-12-27,17.5168
2017-12-28,15.4627
2017-12-29,14.0217
2018-01-02,14.2124
2018-01-03,13.8347
2018-01-04,13.5907
2018-01-05,13.1885
2018-01-08,14.0658
2018-01-09,13.0354
2018-01-10,12.9801
2018-01-11,13.3403
2018-01-12,13.3352
2018-01-15,14.4190
2018-01-16,14.8482
2018-01-17,15.7570
2018-01-18,18.4897
2018-01-19,18.5410
2018-01-22,18.3933
2018-01-23,18.8565
2018-01-24,20.4760
2018-01-25,17.9688
2018-01-26,16.5076
2018-01-29,17.9146
2018-01-30,14.2805
2018-01-31,16.5298
2018-02-01,16.1685
2018-02-02,16.4491
2018-02-05,19.6141
2018-02-06,23.6128
2018-02-07,27.2808
2018-02-08,28.6885
2018-02-09,40.7705
2018-02-12,32.6265
2018-02-13,31.5345
2018-02-14,30.0892
2018-02-22,26.2403
2018-02-23,23.6260
2018-02-26,23.8017
2018-02-27,25.1728
2018-02-28,25.6440
2018-03-01,23.3424
2018-03-02,23.3216
2018-03-05,21.9202
2018-03-06,20.3541
2018-03-07,21.4484
2018-03-08,20.5575
2018-03-09,19.9186
2018-03-12,20.6919
2018-03-13,21.1505
2018-03-14,20.4596
2018-03-15,19.8531
2018-03-16,20.1828
2018-03-19,20.2163
2018-03-20,20.1859
2018-03-21,20.5952
2018-03-22,20.4477
2018-03-23,24.8408
2018-03-26,24.2817
2018-03-27,23.2529
2018-03-28,24.4699
2018-03-29,24.7602
2018-03-30,24.6854
2018-04-02,24.4509
2018-04-03,24.3777
2018-04-04,24.1285
2018-04-09,23.1359
2018-04-10,21.5969
2018-04-11,22.3651
2018-04-12,23.2269
2018-04-13,23.5965
2018-04-16,24.8952
2018-04-17,25.1075
2018-04-18,24.7784
2018-04-19,23.1847
2018-04-20,22.3195
2018-04-23,22.4479
2018-04-24,22.6472
2018-04-25,22.3473
2018-04-26,22.5469
2018-04-27,23.3529
2018-05-02,25.0391
2018-05-03,25.2015
2018-05-04,25.5785
2018-05-07,25.1609
2018-05-08,25.8027
2018-05-09,24.9342
2018-05-10,23.1312
2018-05-11,22.6267
2018-05-14,20.8303
2018-05-15,20.1263
2018-05-16,20.7800
2018-05-17,18.9964
2018-05-18,18.4761
2018-05-21,18.1282
2018-05-22,17.8589
2018-05-23,18.0506
2018-05-24,17.8237
2018-05-25,17.7061
2018-05-28,17.6130
2018-05-29,18.2552
2018-05-30,21.3412
2018-05-31,19.8399
2018-06-01,20.2709
2018-06-04,18.8389
2018-06-05,18.9425
2018-06-06,18.2155
2018-06-07,17.5587
2018-06-08,19.1820
2018-06-11,19.8153
2018-06-12,18.3647
2018-06-13,18.9439
2018-06-14,19.5854
2018-06-15,20.1858
2018-06-19,23.8115
2018-06-20,21.1423
2018-06-21,19.9221
2018-06-22,19.5626
2018-06-25,20.6017
2018-06-26,21.0104
2018-06-27,22.7343
2018-06-28,23.2998
2018-06-29,21.5669
2018-07-02,25.2745
2018-07-03,26.0434
2018-07-04,26.6526
2018-07-05,26.9764
2018-07-06,25.9208
2018-07-09,23.3167
2018-07-10,22.5660
2018-07-11,25.2977
2018-07-12,23.2375
2018-07-13,23.0544
2018-07-16,23.1871
2018-07-17,22.9126
2018-07-18,22.0351
2018-07-19,21.1352
2018-07-20,20.8890
2018-07-23,22.1615
2018-07-24,23.4321
2018-07-25,23.6767
2018-07-26,22.8341
2018-07-27,21.7854
2018-07-30,22.1670
2018-07-31,22.0767
2018-08-01,23.8532
2018-08-02,24.8291
2018-08-03,24.9036
2018-08-06,25.6962
2018-08-07,25.1924
2018-08-08,25.4191
2018-08-09,25.3092
2018-08-10,24.5317
2018-08-13,25.2931
2018-08-14,25.1630
2018-08-15,25.9243
2018-08-16,26.0793
2018-08-17,25.9247
2018-08-20,26.4117
2018-08-21,24.7329
2018-08-22,23.5198
2018-08-23,22.9406
2018-08-24,22.5667
2018-08-27,22.1758
2018-08-28,22.1981
2018-08-29,22.5442
2018-08-30,22.7213
2018-08-31,22.4952
2018-09-03,23.0618
2018-09-04,22.2615
2018-09-05,23.4842
2018-09-06,23.7417
2018-09-07,23.5884
2018-09-10,24.4657
2018-09-11,23.9794
2018-09-12,23.8987
2018-09-13,23.0954
2018-09-14,21.6141
2018-09-17,20.9681
2018-09-18,20.3661
2018-09-19,18.8041
2018-09-20,17.9740
2018-09-21,18.8483
2018-09-25,20.4696
2018-09-26,21.2314
2018-09-27,20.5975
2018-09-28,20.9255
2018-10-08,23.0780
2018-10-09,23.1290
2018-10-10,23.0990
2018-10-11,25.5405
2018-10-12,25.8476
2018-10-15,26.8823
2018-10-16,26.4522
2018-10-17,26.5440
2018-10-18,28.1320
2018-10-19,26.3454
2018-10-22,26.3368
2018-10-23,27.7666
2018-10-24,28.1054
2018-10-25,29.1973
2018-10-26,30.1668
2018-10-29,31.6804
2018-10-30,31.7739
2018-10-31,31.0157
2018-11-01,29.9411
2018-11-02,28.3633
2018-11-05,30.1484
2018-11-06,30.8853
2018-11-07,30.9059
2018-11-08,30.3838
2018-11-09,30.6918
2018-11-12,31.3695
2018-11-13,30.5793
2018-11-14,30.0459
2018-11-15,29.3547
2018-11-16,28.6624
2018-11-19,28.0738
2018-11-20,27.2602
2018-11-21,27.1488
2018-11-22,26.3652
2018-11-23,25.6308
2018-11-26,25.8688
2018-11-27,24.8493
2018-11-28,23.9585
2018-11-29,23.8992
2018-11-30,24.8033
2018-12-03,22.3754
2018-12-04,20.6628
2018-12-05,20.7134
2018-12-06,20.2274
2018-12-07,18.8211
2018-12-10,19.8323
2018-12-11,19.5076
2018-12-12,19.1250
2018-12-13,19.1237
2018-12-14,18.2907
2018-12-17,19.2041
2018-12-18,20.1033
2018-12-19,19.9267
2018-12-20,22.1055
2018-12-21,23.5763
2018-12-24,22.7048
2018-12-25,23.8778
2018-12-26,22.6943
2018-12-27,22.3518
2018-12-28,22.0716
2019-01-02,22.1726
2019-01-03,21.8026
2019-01-04,21.0226
2019-01-07,21.5141
2019-01-08,20.6005
2019-01-09,18.6587
2019-01-10,18.4308
2019-01-11,17.6907
2019-01-14,18.2828
2019-01-15,17.5420
2019-01-16,16.5308
2019-01-17,17.1303
2019-01-18,17.1841
2019-01-21,18.6879
2019-01-22,16.3610
2019-01-23,16.3590
2019-01-24,14.6295
2019-01-25,14.7695
2019-01-28,16.4711
2019-01-29,17.7751
2019-01-30,18.3892
2019-01-31,18.1856
2019-02-01,18.6006
2019-02-11,19.0601
2019-02-12,18.6943
2019-02-13,19.8966
2019-02-14,21.0408
2019-02-15,20.5399
2019-02-18,21.3545
2019-02-19,22.4357
2019-02-20,22.8169
2019-02-21,22.5377
2019-02-22,21.9508
2019-02-25,26.1888
2019-02-26,30.5507
2019-02-27,30.5872
2019-02-28,28.4578
2019-03-01,27.1043
2019-03-04,29.3142
2019-03-05,30.1350
2019-03-06,31.0977
2019-03-07,32.4095
2019-03-08,32.8313
2019-03-11,30.0673
2019-03-12,30.0301
2019-03-13,29.9230
2019-03-14,28.7148
2019-03-15,26.8946
2019-03-18,27.7779
2019-03-19,28.4052
2019-03-20,28.6018
2019-03-21,29.2834
2019-03-22,28.7921
2019-03-25,27.0352
2019-03-26,25.4483
2019-03-27,24.5427
2019-03-28,23.3530
2019-03-29,24.4516
2019-04-01,26.3202
2019-04-02,28.0435
2019-04-03,27.3445
2019-04-04,28.9172
2019-04-08,30.9409
2019-04-09,29.0799
2019-04-10,29.2081
2019-04-11,29.3570
2019-04-12,26.8178
2019-04-15,26.9347
2019-04-16,26.2882
2019-04-17,27.3182
2019-04-18,27.1877
2019-04-19,26.7570
2019-04-22,28.2516
2019-04-23,26.3291
2019-04-24,25.8231
2019-04-25,25.7471
2019-04-26,25.1358
2019-04-29,24.4588
2019-04-30,24.6276
2019-05-06,28.7620
2019-05-07,25.7514
2019-05-08,26.6949
2019-05-09,28.5228
2019-05-10,28.2693
2019-05-13,27.1358
2019-05-14,26.2516
2019-05-15,24.4853
2019-05-16,23.2174
2019-05-17,23.1543
2019-05-20,23.3062
2019-05-21,21.9725
2019-05-22,21.3196
2019-05-23,21.9284
2019-05-24,22.5210
2019-05-27,22.9475
2019-05-28,21.6927
2019-05-29,21.3159
2019-05-30,20.8816
2019-05-31,21.6643
2019-06-03,22.0289
2019-06-04,22.7299
2019-06-05,22.4043
2019-06-06,22.5137
2019-06-10,21.1553
2019-06-11,20.3862
2019-06-12,20.7998
2019-06-13,20.0481
2019-06-14,20.0668
2019-06-17,20.2990
2019-06-18,19.6068
2019-06-19,18.5677
2019-06-20,21.3757
2019-06-21,23.7734
2019-06-24,24.8720
2019-06-25,25.1621
2019-06-26,25.1732
2019-06-27,25.2924
2019-06-28,26.3062
2019-07-01,23.7003
2019-07-02,23.1817
2019-07-03,22.2629
2019-07-04,21.8653
2019-07-05,22.5107
2019-07-08,22.0786
2019-07-09,21.1730
2019-07-10,21.2021
2019-07-11,21.4626
2019-07-12,21.2627
2019-07-15,21.4084
2019-07-16,21.7525
2019-07-17,21.3638
2019-07-18,21.2482
2019-07-19,22.0074
2019-07-22,19.7642
2019-07-23,18.8385
2019-07-24,17.9628
2019-07-25,16.8792
2019-07-26,17.2070
2019-07-29,18.2587
2019-07-30,18.3318
2019-07-31,18.9537
2019-08-01,17.1338
2019-08-02,17.9488
2019-08-05,19.9897
2019-08-06,21.6316
2019-08-07,20.8965
2019-08-08,20.3835
2019-08-09,19.8151
2019-08-12,20.1575
2019-08-13,20.1037
2019-08-14,19.4058
2019-08-15,19.9746
2019-08-16,19.8876
2019-08-19,20.3102
2019-08-20,20.1627
2019-08-21,19.3260
2019-08-22,19.1242
2019-08-23,19.2117
2019-08-26,20.7184
2019-08-27,19.4851
2019-08-28,19.3785
2019-08-29,18.7211
2019-08-30,18.6781
2019-09-02,17.8168
2019-09-03,17.8018
2019-09-04,17.0786
2019-09-05,17.5803
2019-09-06,18.0633
2019-09-09,19.0825
2019-09-10,18.6544
2019-09-11,18.5657
2019-09-12,17.7942
2019-09-16,17.5411
2019-09-17,17.1156
2019-09-18,16.7202
2019-09-19,16.5677
2019-09-20,15.9047
2019-09-23,15.9660
2019-09-24,15.5083
2019-09-25,15.7983
2019-09-26,15.8909
2019-09-27,16.2805
2019-09-30,16.8251
2019-10-08,11.3169
2019-10-09,9.5055
2019-10-10,11.0980
2019-10-11,11.8324
2019-10-14,10.9392
2019-10-15,11.1799
2019-10-16,11.4935
2019-10-17,11.9773
2019-10-18,12.6289
2019-10-21,12.5124
2019-10-22,12.3782
2019-10-23,12.8898
2019-10-24,12.5597
2019-10-25,12.3042
2019-10-28,12.6177
2019-10-29,12.8895
2019-10-30,13.2016
2019-10-31,13.3763
2019-11-01,12.4364
2019-11-04,12.4208
2019-11-05,12.5276
2019-11-06,12.3970
2019-11-07,12.6043
2019-11-08,13.0346
2019-11-11,14.2092
2019-11-12,13.7106
2019-11-13,13.9582
2019-11-14,14.2281
2019-11-15,14.2188
2019-11-18,13.3117
2019-11-19,12.4369
2019-11-20,12.6247
2019-11-21,12.8455
2019-11-22,13.6738
2019-11-25,13.3649
2019-11-26,13.4372
2019-11-27,13.1484
2019-11-28,12.6155
2019-11-29,13.4586
2019-12-02,13.3175
2019-12-03,12.9287
2019-12-04,13.0429
2019-12-05,12.1832
2019-12-06,11.3813
2019-12-09,11.6668
2019-12-10,11.4797
2019-12-11,12.1986
2019-12-12,11.3287
2019-12-13,13.8479
2019-12-16,12.9816
2019-12-17,13.9402
2019-12-18,14.2990
2019-12-19,14.8694
2019-12-20,14.5538
2019-12-23,13.1865
2019-12-24,13.3605
2019-12-25,12.3707
2019-12-26,13.1208
2019-12-27,13.3932
2019-12-30,14.2627
2019-12-31,14.6570
2020-01-02,15.2603
2020-01-03,14.4340
2020-01-06,15.0162
2020-01-07,15.1817
2020-01-08,15.3693
2020-01-09,14.5739
2020-01-10,14.0719
2020-01-13,14.7361
2020-01-14,13.1507
2020-01-15,13.3222
2020-01-16,12.6414
2020-01-17,12.1247
2020-01-20,12.5045
2020-01-21,14.7212
2020-01-22,18.2498
2020-01-23,19.7937
2020-02-04,24.3590
2020-02-05,21.0800
2020-02-06,21.3633
2020-02-07,22.6124
2020-02-10,22.1950
2020-02-11,20.4220
2020-02-12,19.1273
2020-02-13,19.6789
2020-02-14,18.1223
2020-02-17,18.2404
2020-02-18,18.6446
2020-02-19,18.9829
2020-02-20,19.1276
2020-02-21,20.3382
2020-02-24,22.3014
2020-02-25,22.7469
2020-02-26,23.4669
2020-02-27,20.0787
2020-02-28,23.3746
2020-03-02,20.3874
2020-03-03,20.2042
2020-03-04,19.9584
2020-03-05,20.7144
2020-03-06,22.0711
2020-03-09,27.3975
2020-03-10,26.6575
2020-03-11,26.5743
2020-03-12,28.9525
2020-03-13,34.1422
2020-03-16,34.3190
2020-03-17,38.8763
2020-03-18,31.5972
2020-03-19,35.1823
2020-03-20,33.0038
2020-03-23,35.5977
2020-03-24,33.8728
2020-03-25,33.1584
2020-03-26,32.3039
2020-03-27,32.4128
2020-03-30,31.3483
2020-03-31,29.1069
2020-04-01,27.3816
2020-04-02,26.1266
2020-04-03,27.0435
2020-04-07,24.7529
2020-04-08,23.5409
2020-04-09,22.3915
2020-04-10,21.6297
2020-04-13,20.1691
2020-04-14,19.4200
2020-04-15,18.0211
2020-04-16,17.4711
2020-04-17,17.7351
2020-04-20,19.0163
2020-04-21,19.1237
2020-04-22,19.0001
2020-04-23,18.3900
2020-04-24,18.1668
2020-04-27,18.0198
2020-04-28,18.1183
2020-04-29,18.9329
2020-04-30,20.8262
2020-05-06,20.0921
2020-05-07,19.0738
2020-05-08,18.1099
2020-05-11,18.4241
2020-05-12,18.6128
2020-05-13,18.3940
2020-05-14,18.6815
2020-05-15,18.0198
2020-05-18,17.7663
2020-05-19,16.7958
2020-05-20,16.9349
2020-05-21,18.0001
2020-05-22,21.3046
2020-05-25,18.8211
2020-05-26,18.0251
2020-05-27,19.0177
2020-05-28,18.7383
2020-05-29,19.0352
2020-06-01,16.6979
2020-06-02,16.8986
2020-06-03,17.3893
2020-06-04,17.6016
2020-06-05,16.7256
2020-06-08,16.6740
2020-06-09,17.0026
2020-06-10,17.0634
2020-06-11,17.8384
2020-06-12,17.3736
2020-06-15,18.7774
2020-06-16,16.9661
2020-06-17,17.2406
2020-06-18,17.4000
2020-06-19,17.7029
2020-06-22,18.9945
2020-06-23,19.3179
2020-06-24,18.8899
2020-06-29,17.7053
2020-06-30,16.7459
2020-07-01,17.1402
2020-07-02,21.4595
2020-07-03,23.6627
2020-07-06,32.1025
2020-07-07,31.4371
2020-07-08,32.4897
2020-07-09,32.5286
2020-07-10,31.4383
2020-07-13,28.5762
2020-07-14,28.6367
2020-07-15,29.0203
2020-07-16,31.0959
2020-07-17,27.0467
2020-07-20,28.2218
2020-07-21,26.4448
2020-07-22,25.9549
2020-07-23,27.0607
2020-07-24,29.9019
2020-07-27,28.4371
2020-07-28,27.9383
2020-07-29,28.5754
2020-07-30,28.7153
2020-07-31,29.7658
2020-08-03,30.7080
2020-08-04,30.3112
2020-08-05,30.3896
2020-08-06,30.4963
2020-08-07,29.6161
2020-08-10,29.6612
2020-08-11,28.6954
2020-08-12,28.3273
2020-08-13,27.8631
2020-08-14,27.3114
2020-08-17,30.1620
2020-08-18,29.8471
2020-08-19,28.7828
2020-08-20,28.1705
2020-08-21,28.0609
2020-08-24,27.4585
2020-08-25,26.8406
2020-08-26,27.7949
2020-08-27,25.7826
2020-08-28,26.2688
2020-08-31,25.9053
2020-09-01,25.8136
2020-09-02,26.2141
2020-09-03,26.2810
2020-09-04,26.1131
2020-09-07,26.3652
2020-09-08,25.7738
2020-09-09,26.4605
2020-09-10,24.7874
2020-09-11,23.6201
2020-09-14,22.3936
2020-09-15,21.9331
2020-09-16,21.1933
2020-09-17,21.2265
2020-09-18,22.5621
2020-09-21,22.3768
2020-09-22,22.6861
2020-09-23,22.0260
2020-09-24,23.7845
2020-09-25,24.0120
2020-09-28,25.2226
2020-09-29,26.3623
2020-09-30,26.9095
2020-10-09,21.9348
2020-10-12,23.7595
2020-10-13,23.5884
2020-10-14,22.8529
2020-10-15,23.3253
2020-10-16,23.1662
2020-10-19,22.3889
2020-10-20,21.7686
2020-10-21,21.9360
2020-10-22,22.1124
2020-10-23,22.5113
2020-10-26,22.4576
2020-10-27,22.7097
2020-10-28,22.3122
2020-10-29,22.0853
2020-10-30,22.9269
2020-11-02,23.7343
2020-11-03,23.7166
2020-11-04,22.2033
2020-11-05,21.6848
2020-11-06,21.3026
2020-11-09,22.4525
2020-11-10,22.2887
2020-11-11,21.7665
2020-11-12,21.2906
2020-11-13,20.6033
2020-11-16,20.5878
2020-11-17,20.2976
2020-11-18,20.8954
2020-11-19,21.2055
2020-11-20,20.2445
2020-11-23,21.5627
2020-11-24,20.8119
2020-11-25,20.4475
2020-11-26,19.3538
2020-11-27,20.0565
2020-11-30,20.2646
2020-12-01,22.6213
2020-12-02,23.1690
2020-12-03,22.9012
2020-12-04,22.0402
2020-12-07,20.9434
2020-12-08,19.9383
2020-12-09,19.2597
2020-12-10,18.3705
2020-12-11,18.8891
2020-12-14,18.1627
2020-12-15,18.1153
2020-12-16,18.2181
2020-12-17,18.4957
2020-12-18,17.3098
2020-12-21,18.9810
2020-12-22,18.6320
2020-12-23,18.5051
2020-12-24,18.0495
2020-12-25,17.8112
2020-12-28,18.1657
2020-12-29,18.5908
2020-12-30,18.6131
2020-12-31,19.6010
2021-01-04,20.2815
2021-01-05,20.2189
2021-01-06,21.8137
2021-01-07,24.7433
2021-01-08,24.8515
2021-01-11,22.6732
2021-01-12,23.8235
2021-01-13,23.6125
2021-01-14,23.3605
2021-01-15,21.6039
2021-01-18,21.9840
2021-01-19,22.1769
2021-01-20,22.1593
2021-01-21,23.3873
2021-01-22,22.2020
2021-01-25,22.9470
2021-01-26,22.7392
2021-01-27,22.2161
2021-01-28,23.6773
2021-01-29,23.8118
2021-02-01,24.1418
2021-02-02,22.3232
2021-02-03,21.1104
2021-02-04,22.0435
2021-02-05,22.3543
2021-02-08,22.5954
2021-02-09,22.0750
2021-02-10,23.6029
2021-02-18,22.8740
2021-02-19,20.7322
2021-02-22,23.1666
2021-02-23,22.5243
2021-02-24,23.5882
2021-02-25,22.0372
2021-02-26,24.8904
2021-03-01,23.2914
2021-03-02,22.8047
2021-03-03,22.4361
2021-03-04,24.3574
2021-03-05,25.0470
2021-03-08,26.5360
2021-03-09,26.2445
2021-03-10,25.4943
2021-03-11,23.5235
2021-03-12,22.1199
2021-03-15,22.8774
2021-03-16,22.1755
2021-03-17,22.3965
2021-03-18,21.9950
2021-03-19,22.5434
2021-03-22,21.9224
2021-03-23,21.1171
2021-03-24,21.4966
2021-03-25,20.8828
2021-03-26,19.7932
2021-03-29,19.7686
2021-03-30,19.7778
2021-03-31,19.4453
2021-04-01,18.7633
2021-04-02,18.9134
2021-04-06,19.2224
2021-04-07,18.5469
2021-04-08,18.2168
2021-04-09,18.0717
2021-04-12,18.9963
2021-04-13,18.9430
2021-04-14,18.8138
2021-04-15,18.9339
2021-04-16,18.6734
2021-04-19,19.1613
2021-04-20,19.2037
2021-04-21,19.4316
2021-04-22,18.9675
2021-04-23,19.1335
2021-04-26,20.0497
2021-04-27,19.7547
2021-04-28,19.4162
2021-04-29,19.2770
2021-04-30,19.0194
2021-05-06,18.9951
2021-05-07,18.7873
2021-05-10,18.6630
2021-05-11,18.9373
2021-05-12,19.1490
2021-05-13,19.2232
2021-05-14,19.4909
2021-05-17,20.2780
2021-05-18,19.9224
2021-05-19,19.3201
2021-05-20,19.3188
2021-05-21,18.8939
2021-05-24,19.0156
2021-05-25,20.9483
2021-05-26,20.9175
2021-05-27,21.9231
2021-05-28,21.7326
2021-05-31,22.2445
2021-06-01,22.0486
2021-06-02,20.6970
2021-06-03,19.9284
2021-06-04,20.0818
2021-06-07,20.6801
2021-06-08,21.2275
2021-06-09,20.3772
2021-06-10,19.6161
2021-06-11,19.7752
2021-06-15,19.4755
2021-06-16,20.4975
2021-06-17,19.4997
2021-06-18,19.5414
2021-06-21,20.0250
2021-06-22,19.5787
2021-06-23,18.2194
2021-06-24,17.5635
2021-06-25,17.7955
2021-06-28,18.0391
2021-06-29,17.8181
2021-06-30,18.3687
2021-07-01,18.0028
2021-07-02,18.7114
2021-07-05,17.9823
2021-07-06,17.7376
2021-07-07,17.3277
2021-07-08,18.1779
2021-07-09,18.1323
2021-07-12,18.6381
2021-07-13,18.3358
2021-07-14,18.3894
2021-07-15,18.0132
2021-07-16,18.1246
2021-07-19,18.2819
2021-07-20,18.6525
2021-07-21,18.1409
2021-07-22,18.0857
2021-07-23,17.9871
2021-07-26,21.3799
2021-07-27,22.9637
2021-07-28,21.8373
2021-07-29,20.3206
2021-07-30,19.7050
2021-08-02,19.8844
2021-08-03,19.0980
2021-08-04,19.2323
2021-08-05,18.9223
2021-08-06,18.4422
2021-08-09,18.5600
2021-08-10,19.1267
2021-08-11,18.8609
2021-08-12,18.7296
2021-08-13,18.5416
2021-08-16,19.1027
2021-08-17,19.9024
2021-08-18,18.9968
2021-08-19,19.6060
2021-08-20,20.9239
2021-08-23,20.4450
2021-08-24,19.4840
2021-08-25,19.4726
2021-08-26,19.6657
2021-08-27,19.4477
2021-08-30,20.1651
2021-08-31,19.9473
2021-09-01,20.4108
2021-09-02,20.8676
2021-09-03,20.6303
2021-09-06,20.4903
2021-09-07,20.5995
2021-09-08,20.8218
2021-09-09,20.6053
2021-09-10,20.2978
2021-09-13,20.6621
2021-09-14,20.2384
2021-09-15,20.3831
2021-09-16,21.0542
2021-09-17,19.4880
2021-09-22,21.1677
2021-09-23,20.3337
2021-09-24,19.1475
2021-09-27,19.7436
2021-09-28,20.0502
2021-09-29,20.6825
2021-09-30,20.8152
2021-10-08,19.1228
2021-10-11,18.9571
2021-10-12,18.7828
2021-10-13,18.8889
2021-10-14,18.7095
2021-10-15,18.3977
2021-10-18,19.3229
2021-10-19,18.4200
2021-10-20,18.3378
2021-10-21,18.5971
2021-10-22,18.7003
2021-10-25,19.2736
2021-10-26,19.0310
2021-10-27,18.8385
2021-10-28,18.6234
2021-10-29,18.5221
2021-11-01,19.0723
2021-11-02,19.9147
2021-11-03,20.1514
2021-11-04,19.0984
2021-11-05,18.7622
2021-11-08,19.4968
2021-11-09,19.5109
2021-11-10,19.3815
2021-11-11,18.9319
2021-11-12,18.7053
2021-11-15,19.0661
2021-11-16,18.7060
2021-11-17,18.7936
2021-11-18,18.5925
2021-11-19,18.3920
2021-11-22,18.2461
2021-11-23,17.9741
2021-11-24,17.5440
2021-11-25,16.8697
2021-11-26,16.7938
2021-11-29,17.0750
2021-11-30,16.9784
2021-12-01,16.6360
2021-12-02,16.1115
2021-12-03,15.2516
2021-12-06,15.5692
2021-12-07,15.7515
2021-12-08,16.9643
2021-12-09,17.8901
2021-12-10,17.1837
2021-12-13,17.6636
2021-12-14,16.8976
2021-12-15,16.4355
2021-12-16,16.4573
2021-12-17,16.7061
2021-12-20,17.2644
2021-12-21,16.6290
2021-12-22,16.2766
2021-12-23,15.4616
2021-12-24,15.6710
2021-12-27,16.1943
2021-12-28,16.0046
2021-12-29,17.3939
2021-12-30,16.9156
2021-12-31,17.1563
2022-01-04,17.3242
2022-01-05,17.8280
2022-01-06,18.1460
2022-01-07,17.3493
2022-01-10,17.5023
2022-01-11,17.5225
2022-01-12,16.8863
2022-01-13,18.1503
2022-01-14,18.1976
2022-01-17,17.7149
2022-01-18,17.3316
2022-01-19,17.4406
2022-01-20,17.5073
2022-01-21,17.5556
2022-01-24,18.4584
2022-01-25,20.2764
2022-01-26,19.4245
2022-01-27,19.6618
2022-01-28,21.6326
2022-02-07,17.9018
2022-02-08,17.9406
2022-02-09,17.3181
2022-02-10,16.8968
2022-02-11,16.5618
2022-02-14,17.0209
2022-02-15,17.2470
2022-02-16,16.4507
2022-02-17,16.4217
2022-02-18,15.9574
2022-02-21,15.9802
2022-02-22,17.4047
2022-02-23,16.2700
2022-02-24,17.2568
2022-02-25,16.8085
2022-02-28,17.0866
2022-03-01,16.1406
2022-03-02,16.3188
2022-03-03,16.1818
2022-03-04,15.6456
2022-03-07,19.0248
2022-03-08,20.9499
2022-03-09,23.0283
2022-03-10,20.5042
2022-03-11,21.3100
2022-03-14,24.3372
2022-03-16,26.4386
2022-03-17,24.0350
2022-03-18,22.9942
2022-03-21,22.8065
2022-03-22,21.5153
2022-03-23,19.6665
2022-03-24,19.3231
2022-03-25,21.4218
2022-03-28,21.9613
2022-03-29,22.1400
2022-03-30,20.1093
2022-03-31,20.0557
2022-04-01,19.4414
2022-04-06,19.4026
2022-04-07,20.3401
2022-04-08,19.5864
2022-04-11,22.4327
2022-04-12,21.1608
2022-04-13,21.0643
2022-04-14,19.9612
2022-04-15,19.9624
2022-04-18,20.8716
2022-04-19,20.7676
2022-04-20,22.0155
2022-04-21,23.2733
2022-04-22,22.5214
2022-04-25,26.4000
2022-04-26,28.1962
2022-04-27,25.9387
2022-04-28,23.0763
2022-04-29,22.1597
2022-05-05,22.6048
2022-05-06,23.7149
2022-05-09,24.1147
2022-05-10,24.1167
2022-05-11,23.1583
2022-05-12,23.5996
2022-05-13,22.9708
2022-05-16,23.2755
2022-05-17,22.4057
2022-05-18,21.6935
2022-05-19,21.5670
2022-05-20,21.6382
2022-05-23,21.0400
2022-05-24,21.5859
2022-05-25,20.8701
2022-05-26,20.1387
2022-05-27,19.5449
2022-05-30,19.8022
2022-05-31,20.1493
2022-06-01,19.9552
2022-06-02,19.8029
2022-06-06,20.2312
2022-06-07,20.5257
2022-06-08,21.1173
2022-06-09,20.5589
2022-06-10,19.9320
2022-06-13,20.9910
2022-06-14,21.0308
2022-06-15,21.9590
2022-06-16,20.8486
2022-06-17,21.2535
2022-06-20,21.6504
2022-06-21,21.0128
2022-06-22,19.9085
2022-06-23,20.0728
2022-06-24,19.2135
2022-06-27,20.4135
2022-06-28,20.2713
2022-06-29,20.3292
2022-06-30,20.8834
2022-07-01,20.7750
2022-07-04,20.9769
2022-07-05,20.8983
2022-07-06,21.1126
2022-07-07,20.6068
2022-07-08,19.9544
2022-07-11,20.5799
2022-07-12,20.1016
2022-07-13,19.7391
2022-07-14,19.4706
2022-07-15,19.7178
2022-07-18,20.2811
2022-07-19,20.0322
2022-07-20,19.3417
2022-07-21,19.6529
2022-07-22,19.0982
2022-07-25,19.6426
2022-07-26,18.6378
2022-07-27,19.0256
2022-07-28,18.9005
2022-07-29,19.9814
2022-08-01,20.3711
2022-08-02,23.7331
2022-08-03,22.2794
2022-08-04,20.3753
2022-08-05,18.8759
2022-08-08,19.0668
2022-08-09,18.8711
2022-08-10,19.2003
2022-08-11,19.3046
2022-08-12,18.4838
2022-08-15,18.8411
2022-08-16,18.5168
2022-08-17,18.2982
2022-08-18,18.8274
2022-08-19,18.1773
2022-08-22,17.9132
2022-08-23,17.4474
2022-08-24,18.3728
2022-08-25,17.8043
2022-08-26,16.6846
2022-08-29,17.4820
2022-08-30,17.0503
2022-08-31,17.1810
2022-09-01,17.3943
2022-09-02,17.7869
2022-09-05,18.5285
2022-09-06,17.3418
2022-09-07,17.2556
2022-09-08,16.7057
2022-09-09,16.1743
2022-09-13,16.4218
2022-09-14,16.5256
2022-09-15,16.7555
2022-09-16,18.0236
2022-09-19,18.2023
2022-09-20,17.7124
2022-09-21,18.5691
2022-09-22,18.5049
2022-09-23,18.4600
2022-09-26,19.3492
2022-09-27,18.3885
2022-09-28,18.8205
2022-09-29,18.2822
2022-09-30,17.6346
2022-10-10,19.1891
2022-10-11,19.2690
2022-10-12,19.6278
2022-10-13,20.1170
2022-10-14,18.8722
2022-10-17,18.8663
2022-10-18,18.3039
2022-10-19,18.9000
2022-10-20,19.7195
2022-10-21,20.0652
2022-10-24,23.3611
2022-10-25,23.4285
2022-10-26,21.8448
2022-10-27,21.6260
2022-10-28,23.1567
2022-10-31,25.1546
2022-11-01,22.6511
2022-11-02,21.6793
2022-11-03,21.7293
2022-11-04,21.8974
2022-11-07,22.7183
2022-11-08,22.0510
2022-11-09,21.8330
2022-11-10,22.0010
2022-11-11,21.6346
2022-11-14,22.8576
2022-11-15,23.0627
2022-11-16,22.7359
2022-11-17,22.1636
2022-11-18,21.5686
2022-11-21,21.4235
2022-11-22,21.7732
2022-11-23,21.8694
2022-11-24,22.5829
2022-11-25,21.4437
2022-11-28,22.6888
2022-11-29,23.8876
2022-11-30,23.1868
2022-12-01,21.7522
2022-12-02,21.0972
2022-12-05,21.1242
2022-12-06,20.7606
2022-12-07,20.7546
2022-12-08,20.2255
2022-12-09,20.0930
2022-12-12,19.6289
2022-12-13,19.6058
2022-12-14,19.4365
2022-12-15,18.2465
2022-12-16,17.9998
2022-12-19,18.7984
2022-12-20,19.2645
2022-12-21,18.7067
2022-12-22,17.6684
2022-12-23,18.1279
2022-12-26,18.4087
2022-12-27,17.8288
2022-12-28,17.3392
2022-12-29,16.4941
2022-12-30,16.1779
2023-01-03,16.5696
2023-01-04,16.3446
2023-01-05,16.4772
2023-01-06,16.6716
2023-01-09,18.2634
2023-01-10,17.8863
2023-01-11,17.6341
2023-01-12,17.8128
2023-01-13,16.4617
2023-01-16,17.6375
2023-01-17,18.0740
2023-01-18,18.5146
2023-01-19,19.3343
2023-01-20,18.4285
2023-01-30,19.4772
2023-01-31,18.5504
2023-02-01,18.8934
2023-02-02,19.0505
2023-02-03,19.2356
2023-02-06,20.2570
2023-02-07,20.0847
2023-02-08,19.3615
2023-02-09,18.8832
2023-02-10,18.2413
2023-02-13,18.3031
2023-02-14,18.0802
2023-02-15,17.8071
2023-02-16,18.1410
2023-02-17,18.1225
2023-02-20,18.8159
2023-02-21,18.6643
2023-02-22,18.1407
2023-02-23,17.7626
2023-02-24,18.0173
2023-02-27,18.4949
2023-02-28,17.9033
2023-03-01,17.3080
2023-03-02,17.2846
2023-03-03,17.3590
2023-03-06,17.4321
2023-03-07,17.7289
2023-03-08,17.7302
2023-03-09,17.4490
2023-03-10,17.7837
2023-03-13,17.8704
2023-03-14,18.2820
2023-03-15,17.3970
2023-03-16,17.7660
2023-03-17,17.0263
2023-03-20,17.8550
2023-03-21,17.4958
2023-03-22,17.1204
2023-03-23,16.4707
2023-03-24,16.2050
2023-03-27,16.7183
2023-03-28,16.3210
2023-03-29,16.2666
2023-03-30,15.9113
2023-03-31,15.8203
2023-04-03,16.6105
2023-04-04,16.3217
2023-04-06,16.7878
2023-04-07,16.0275
2023-04-10,16.0700
2023-04-11,15.6105
2023-04-12,15.2739
2023-04-13,14.7896
2023-04-14,14.5638
2023-04-17,15.4313
2023-04-18,15.0491
2023-04-19,14.8182
2023-04-20,14.6209
2023-04-21,15.4018
2023-04-24,16.7068
2023-04-25,16.9624
2023-04-26,16.1093
2023-04-27,14.8669
2023-04-28,14.5232
2023-05-04,15.3312
2023-05-05,15.0836
2023-05-08,15.7453
2023-05-09,15.9176
2023-05-10,15.9088
2023-05-11,15.5115
2023-05-12,15.8138
2023-05-15,15.5769
2023-05-16,15.8508
2023-05-17,16.4723
2023-05-18,15.9380
2023-05-19,15.3655
2023-05-22,15.1853
2023-05-23,15.5138
2023-05-24,16.2400
2023-05-25,17.0119
2023-05-26,15.8231
2023-05-29,16.2925
2023-05-30,15.7261
2023-05-31,17.7659
2023-06-01,17.4604
2023-06-02,16.2505
2023-06-05,16.0918
2023-06-06,16.5904
2023-06-07,16.7925
2023-06-08,16.7792
2023-06-09,16.1300
2023-06-12,16.1962
2023-06-13,15.6817
2023-06-14,15.6938
2023-06-15,15.1924
2023-06-16,14.8061
2023-06-19,15.5524
2023-06-20,15.1609
2023-06-21,15.6389
2023-06-26,16.9632
2023-06-27,16.2503
2023-06-28,15.5761
2023-06-29,15.2477
2023-06-30,15.0425
2023-07-03,14.6691
2023-07-04,14.3832
2023-07-05,14.6024
2023-07-06,14.8527
2023-07-07,15.0245
2023-07-10,15.0110
2023-07-11,14.6225
2023-07-12,14.9551
2023-07-13,14.5237
2023-07-14,14.4009
2023-07-17,14.7838
2023-07-18,14.6742
2023-07-19,14.7590
2023-07-20,15.4066
2023-07-21,14.8070
2023-07-24,14.8412
2023-07-25,15.4176
2023-07-26,15.3634
2023-07-27,14.7917
2023-07-28,16.1854
2023-07-31,17.8036
2023-08-01,17.5041
2023-08-02,17.2665
2023-08-03,17.8025
2023-08-04,17.9943
2023-08-07,18.3411
2023-08-08,18.4125
2023-08-09,18.5022
2023-08-10,18.4374
2023-08-11,18.5069
2023-08-14,18.3987
2023-08-15,17.9128
2023-08-16,18.5077
2023-08-17,18.7301
2023-08-18,19.4436
2023-08-21,20.6024
2023-08-22,19.7405
2023-08-23,19.9599
2023-08-24,20.0282
2023-08-25,20.8946
2023-08-28,22.4009
2023-08-29,20.2977
2023-08-30,19.0707
2023-08-31,18.0402
2023-09-01,17.5759
2023-09-04,16.8705
2023-09-05,16.7599
2023-09-06,16.6051
2023-09-07,16.9863
2023-09-08,17.3922
2023-09-11,16.9624
2023-09-12,16.5229
2023-09-13,16.4667
2023-09-14,16.2086
2023-09-15,16.5616
2023-09-18,16.6769
2023-09-19,16.3010
2023-09-20,16.0988
2023-09-21,16.2449
2023-09-22,16.4591
2023-09-25,16.2707
2023-09-26,16.3683
2023-09-27,16.5653
2023-09-28,16.3347
2023-10-09,15.6788
2023-10-10,15.5777
2023-10-11,15.2145
2023-10-12,14.8383
2023-10-13,15.2233
2023-10-16,16.0371
2023-10-17,15.4756
2023-10-18,15.4276
2023-10-19,17.5231
2023-10-20,18.9047
2023-10-23,19.8840
2023-10-24,18.4727
2023-10-25,16.8580
2023-10-26,16.0982
2023-10-27,15.5783
2023-10-30,16.1436
2023-10-31,15.9068
2023-11-01,15.8474
2023-11-02,15.5607
2023-11-03,15.1035
2023-11-06,15.9528
2023-11-07,15.7121
2023-11-08,15.6943
2023-11-09,15.7559
2023-11-10,15.9342
2023-11-13,16.3647
2023-11-14,16.1931
2023-11-15,15.8373
2023-11-16,15.6075
2023-11-17,15.0150
2023-11-20,14.5185
2023-11-21,14.3332
2023-11-22,14.6651
2023-11-23,14.3612
2023-11-24,14.5748
2023-11-27,15.1306
2023-11-28,14.8515
2023-11-29,15.2729
2023-11-30,14.9880
2023-12-01,14.5519
2023-12-04,15.6110
2023-12-05,17.7741
2023-12-06,16.8065
2023-12-07,16.8889
2023-12-08,16.3024
2023-12-11,16.8721
2023-12-12,16.1720
2023-12-13,17.1010
2023-12-14,17.5270
2023-12-15,17.3430
2023-12-18,17.7108
2023-12-19,17.7260
2023-12-20,18.4751
2023-12-21,18.0440
2023-12-22,17.1089
2023-12-25,16.6779
2023-12-26,17.2266
2023-12-27,17.0358
2023-12-28,16.1768
2023-12-29,15.6187
2024-01-02,15.5703
2024-01-03,15.4706
2024-01-04,16.0211
2024-01-05,16.7356
2024-01-08,18.8857
2024-01-09,17.7416
2024-01-10,17.9002
2024-01-11,17.6827
2024-01-12,17.6266
2024-01-15,16.7635
2024-01-16,16.0290
2024-01-17,18.5885
2024-01-18,18.2949
2024-01-19,17.2073
2024-01-22,20.8275
2024-01-23,19.0813
2024-01-24,17.7523
2024-01-25,16.2418
2024-01-26,15.8163
2024-01-29,17.1857
2024-01-30,18.4615
2024-01-31,20.3219
2024-02-01,20.4997
2024-02-02,22.1572
2024-02-05,23.4812
2024-02-06,20.3178
2024-02-07,19.9142
2024-02-08,19.6598
2024-02-19,20.4564
2024-02-20,18.5685
2024-02-21,18.9504
2024-02-22,20.3273
2024-02-23,20.6710
2024-02-26,19.8159
2024-02-27,19.4548
2024-02-28,20.1492
2024-02-29,18.4418
2024-03-01,18.5415
2024-03-04,18.6564
2024-03-05,17.3341
2024-03-06,16.6017
2024-03-07,16.2552
2024-03-08,15.8023
2024-03-11,15.8336
2024-03-12,15.7688
2024-03-13,15.8545
2024-03-14,15.6562
2024-03-15,15.5227
2024-03-18,15.5300
2024-03-19,15.3880
2024-03-20,15.6016
2024-03-21,15.3757
2024-03-22,16.0097
2024-03-25,16.0687
2024-03-26,15.5488
2024-03-27,16.0507
2024-03-28,15.2028
2024-03-29,14.5849
2024-04-01,14.5374
2024-04-02,14.2960
2024-04-03,14.1865
2024-04-08,14.7003
2024-04-09,14.5873
2024-04-10,14.3643
2024-04-11,14.2699
2024-04-12,14.4728
2024-04-15,15.2078
2024-04-16,15.8720
2024-04-17,15.1545
2024-04-18,15.3408
2024-04-19,15.5786
2024-04-22,15.3013
2024-04-23,14.8846
2024-04-24,14.5928
2024-04-25,14.0691
2024-04-26,14.5712
2024-04-29,15.4508
2024-04-30,14.4279
2024-05-06,14.7120
2024-05-07,14.5706
2024-05-08,14.2934
2024-05-09,14.2205
2024-05-10,14.4044
2024-05-13,14.1015
2024-05-14,14.0584
2024-05-15,14.2531
2024-05-16,13.6618
2024-05-17,14.2675
2024-05-20,13.7423
2024-05-21,13.3827
2024-05-22,13.2732
2024-05-23,12.6444
2024-05-24,13.9453
2024-05-27,12.8913
2024-05-28,12.9185
2024-05-29,12.8497
2024-05-30,13.3314
2024-05-31,13.4092
2024-06-03,13.5764
2024-06-04,13.0233
2024-06-05,13.2926
2024-06-06,13.5090
2024-06-07,13.1375
2024-06-11,14.3793
2024-06-12,13.9499
2024-06-13,13.7233
2024-06-14,13.4083
2024-06-17,13.9222
2024-06-18,13.9168
2024-06-19,13.7776
2024-06-20,13.9230
2024-06-21,13.2270
2024-06-24,13.3712
2024-06-25,14.1833
2024-06-26,13.4364
2024-06-27,13.2992
2024-06-28,12.6207
2024-07-01,12.5881
2024-07-02,12.1222
2024-07-03,11.8885
2024-07-04,11.8675
2024-07-05,12.6999
2024-07-08,13.5713
2024-07-09,13.1442
2024-07-10,12.9570
2024-07-11,12.6845
2024-07-12,12.2186
2024-07-15,12.1590
2024-07-16,12.1044
2024-07-17,12.3825
2024-07-18,12.7579
2024-07-19,13.0644
2024-07-22,13.0520
2024-07-23,12.8211
2024-07-24,12.9602
2024-07-25,13.9317
2024-07-26,13.6249
2024-07-29,14.0182
2024-07-30,14.3411
2024-07-31,13.4439
2024-08-01,13.4221
2024-08-02,14.2478
2024-08-05,17.2893
2024-08-06,16.5704
2024-08-07,14.9076
2024-08-08,13.9487
2024-08-09,13.6561
2024-08-12,13.6491
2024-08-13,13.7495
2024-08-14,13.9001
2024-08-15,13.4205
2024-08-16,13.2620
2024-08-19,13.3168
2024-08-20,13.1976
2024-08-21,13.3713
2024-08-22,13.5143
2024-08-23,12.9689
2024-08-26,13.0385
2024-08-27,12.6893
2024-08-28,12.8756
2024-08-29,12.6657
2024-08-30,12.4125
2024-09-02,13.2801
2024-09-03,13.1574
2024-09-04,13.7677
2024-09-05,13.6283
2024-09-06,13.1009
2024-09-09,14.6975
2024-09-10,15.2715
2024-09-11,15.6294
2024-09-12,14.7149
2024-09-13,13.8956
2024-09-18,14.4750
2024-09-19,13.9367
2024-09-20,13.2693
2024-09-23,12.8746
2024-09-24,16.1822
2024-09-25,17.2997
2024-09-26,21.6039
2024-09-27,23.9469
2024-09-30,26.2830
2024-10-08,46.6778
2024-10-09,38.3424
2024-10-10,34.8342
2024-10-11,35.2782
2024-10-14,29.3546
2024-10-15,23.2253
2024-10-16,23.8591
2024-10-17,23.3697
2024-10-18,30.2143
2024-10-21,30.0388
2024-10-22,28.4012
2024-10-23,25.5707
2024-10-24,24.6686
2024-10-25,25.8901
2024-10-28,27.5774
2024-10-29,26.9140
2024-10-30,28.2734
2024-10-31,30.1774
2024-11-01,30.6056
2024-11-04,31.1689
2024-11-05,31.5398
2024-11-06,30.4347
2024-11-07,30.7846
2024-11-08,30.5111
2024-11-11,27.0126
2024-11-12,26.2908
2024-11-13,25.0837
2024-11-14,25.1543
2024-11-15,24.2350
2024-11-18,25.3269
2024-11-19,25.5019
2024-11-20,24.0270
2024-11-21,22.3750
2024-11-22,23.8070
2024-11-25,23.2474
2024-11-26,22.7381
2024-11-27,22.9671
2024-11-28,21.1270
2024-11-29,21.3031
2024-12-02,21.6221
2024-12-03,22.0505
2024-12-04,22.3675
2024-12-05,20.9011
2024-12-06,21.2309
2024-12-09,20.8914
2024-12-10,22.0623
2024-12-11,21.5919
2024-12-12,21.9789
2024-12-13,21.0055
2024-12-16,20.2729
2024-12-17,20.3638
2024-12-18,19.9014
2024-12-19,20.0959
2024-12-20,19.1654
2024-12-23,18.5108
2024-12-24,18.1397
2024-12-25,18.2426
2024-12-26,17.5635
2024-12-27,17.1431
2024-12-30,16.8988
2024-12-31,16.5289
2025-01-02,19.2082
2025-01-03,18.6832
2025-01-06,19.8926
2025-01-07,18.3399
2025-01-08,17.5923
2025-01-09,16.8133
2025-01-10,17.0269
2025-01-13,18.1264
2025-01-14,18.5591
2025-01-15,17.6111
2025-01-16,17.8486
2025-01-17,18.3752
2025-01-20,18.4019
2025-01-21,17.7753
2025-01-22,17.9309
2025-01-23,17.3777
2025-01-24,16.7650
2025-01-27,17.0181
2025-02-05,18.1694
2025-02-06,17.5429
2025-02-07,17.9188
2025-02-10,18.2064
2025-02-11,17.6877
2025-02-12,18.0569
2025-02-13,17.4158
2025-02-14,16.8389
2025-02-17,17.5356
2025-02-18,17.6027
2025-02-19,16.9644
2025-02-20,16.8975
2025-02-21,17.8450
2025-02-24,16.9479
2025-02-25,17.3846
2025-02-26,17.1654
2025-02-27,16.2486
2025-02-28,17.3027
2025-03-03,15.8694
2025-03-04,15.2317
2025-03-05,15.3913
2025-03-06,15.9391
2025-03-07,14.3162
2025-03-10,14.5209
2025-03-11,14.8124
2025-03-12,14.8115
2025-03-13,15.0017
2025-03-14,16.9709
2025-03-17,17.1343
2025-03-18,16.9085
2025-03-19,17.0294
2025-03-20,16.0739
2025-03-21,15.4619
2025-03-24,15.1460
2025-03-25,14.8087
2025-03-26,14.5858
2025-03-27,14.0184
2025-03-28,14.2760
2025-03-31,15.1971
2025-04-01,14.9599
2025-04-02,14.8593
2025-04-03,14.7856
2025-04-07,26.7361
2025-04-08,24.8885
2025-04-09,22.8016
2025-04-10,20.1197
2025-04-11,19.0842
2025-04-14,17.0644
2025-04-15,16.0548
2025-04-16,16.6997
2025-04-17,16.1434
2025-04-18,16.0345
2025-04-21,15.8999
2025-04-22,15.7871
2025-04-23,15.5411
2025-04-24,14.7168
2025-04-25,14.8505
2025-04-28,15.4978
2025-04-29,15.5166
2025-04-30,16.3836
2025-05-06,14.6117
2025-05-07,14.2112
2025-05-08,14.0610
2025-05-09,14.4993
2025-05-12,15.5599
2025-05-13,14.6624
2025-05-14,16.7402
2025-05-15,15.9640
2025-05-16,14.6116
2025-05-19,14.1488
2025-05-20,14.4737
2025-05-21,15.2549
2025-05-22,15.8780
2025-05-23,15.6829
2025-05-26,15.3598
2025-05-27,15.4609
2025-05-28,15.6334
2025-05-29,14.7983
2025-05-30,14.7082
2025-06-03,14.2571
2025-06-04,13.8989
2025-06-05,13.9347
2025-06-06,13.7039
2025-06-09,14.0008
2025-06-10,13.5638
2025-06-11,13.8735
2025-06-12,13.8443
2025-06-13,13.8866
2025-06-16,13.7886
2025-06-17,13.7165
2025-06-18,13.9935
2025-06-19,14.0307
2025-06-20,13.2923
2025-06-23,13.1739
2025-06-24,13.7838
2025-06-25,16.5028
2025-06-26,14.9051
2025-06-27,13.9781
2025-06-30,14.0517
2025-07-01,13.8241
2025-07-02,13.6121
2025-07-03,13.6350
2025-07-04,13.8999
2025-07-07,14.1795
2025-07-08,14.6949
2025-07-09,14.7696
2025-07-10,15.0517
2025-07-11,15.5671
2025-07-14,15.5077
2025-07-15,14.6245
2025-07-16,14.5515
2025-07-17,14.6634
2025-07-18,14.3246
2025-07-21,15.1892
2025-07-22,15.3291
2025-07-23,16.8096
2025-07-24,15.8428
2025-07-25,16.0275
2025-07-28,16.7003
2025-07-29,16.7646
2025-07-30,16.2497
2025-07-31,16.1560
2025-08-01,15.2643
2025-08-04,15.2939
2025-08-05,15.0070
2025-08-06,14.9898
2025-08-07,15.0277
2025-08-08,14.7331
2025-08-11,15.2666
2025-08-12,15.5155
2025-08-13,16.7080
2025-08-14,16.7329
2025-08-15,18.5199
2025-08-18,20.4251
2025-08-19,19.2420
2025-08-20,19.7027
2025-08-21,19.5574
2025-08-22,20.6980
2025-08-25,26.2090
2025-08-26,24.6851
2025-08-27,22.5388
2025-08-28,22.8078
2025-08-29,23.6901
2025-09-01,22.1170
2025-09-02,22.0682
2025-09-03,19.5858
2025-09-04,20.1399
2025-09-05,18.0528
2025-09-08,17.8212
2025-09-09,17.0251
2025-09-10,15.9449
2025-09-11,19.1459
2025-09-12,18.2010
2025-09-15,18.4461
2025-09-16,17.8750
2025-09-17,18.7714
2025-09-18,18.6814
2025-09-19,17.3203
2025-09-22,17.0794
2025-09-23,16.6596
2025-09-24,15.9092
2025-09-25,14.8364
2025-09-26,15.1732
2025-09-29,18.1838
2025-09-30,17.7491
2025-10-09,17.3044
2025-10-10,17.9321
